"name","quantity","ilosc","description","photo_url","wysokosc","szerokosc","glebokosc","data_wyjazdu","stan","updatedat","linknadysk","category","updatedby","deviceid","stoisko"
"A01","Barowa","1","inne pliki na google drive","https://res.cloudinary.com/dxcwqo6bm/image/upload/v1770880820/lada_barowa_vegdeb.png","102.5","190","80",,"0","2026-02-12T07:40:51.294Z","https://drive.google.com/drive/folders/1UofFoPUub3g7KOhu1q4ADXaE0_vkX7FG?usp=drive_link","LADY","admin","DEV-8R8981","Bilologikal CPHI"
"A02","Recepcija","1","inne pliki na google drive 3.11.25","https://res.cloudinary.com/dxcwqo6bm/image/upload/v1770880838/lada_recepcija_pwdmao.png","100","140","100",,"0","2026-02-12T07:40:44.526Z","https://drive.google.com/drive/folders/1nDdWHMzgB9svabPe31XIhMZ1qIGLt3PR?usp=drive_link","LADY","admin","DEV-8BVSFD","Biologikal CPHI"
"A03","Recepcija + Stoly","1","inne pliki na google drive 3.11.25","https://res.cloudinary.com/dxcwqo6bm/image/upload/v1770881726/lada_cybq2l.png","100","140","140",,"0","2026-02-12T07:42:38.255Z","https://drive.google.com/drive/folders/1frgvqtz4UjaEMNUDRGOZ6uj6zLuXw9e_?usp=drive_link","LADY","admin","DEV-NJH0NO","Medialux CPHI"
"A04","Lada (CPHI)","1","Pliki na google drive 7.11.25","https://res.cloudinary.com/dxcwqo6bm/image/upload/v1770882405/lada1_tlh84x.png","100","165","204",,"0","2026-02-12T07:47:14.878Z","https://drive.google.com/drive/folders/1cJe-uJvPKECWJWaXs5og5VOTZNb7mhTe?usp=drive_link","LADY","admin","DEV-4GMQC2","Colorkon"
"A05","dwie lady i fryz","1","dwie lady i fryz wszystko na google drive","https://res.cloudinary.com/dxcwqo6bm/image/upload/v1770882546/lada_2_ahko3p.png","0","0","0",,"0","2026-02-12T07:49:58.991Z","https://drive.google.com/drive/folders/1b143ND4w6lPni64rqHDnsKj-mqPwVhYC?usp=drive_link","LADY","admin","DEV-D494XH","Univar CPHI"
"E001","Ekspres de'longhi",,"kremowy na małe kapsułki Nespresso","https://res.cloudinary.com/dxcwqo6bm/image/upload/v1752488643/E001_z7ubf7.jpg",,,,"Plant Lipids","Wyjechało",,"https://drive.google.com/drive/folders/1P_uJdgYSS6C9x7fCsbER5N0vEL6JecoI?usp=drive_link","Ekspresy",,,
"E002","Ekspres de'longhi",,"ocena 5/5 nowy Ekspres de'longhi srebrny z młynkiem i pieniaczem mleka","https://res.cloudinary.com/dxcwqo6bm/image/upload/v1752651884/E002_qkvqwt.jpg",,,,"*tutaj musisz wpisać date*","Nie wiadomo(tymczasowo)",,"https://drive.google.com/drive/folders/1rh13e_g_WO7AXWTTQgu46QbhrDg55KQp?usp=drive_link","Ekspresy",,,
"E003","Ekspres de'longhi",,"ocena 5/5 nowy Ekspres de'longhi srebrny z młynkiem i pieniaczem mleka","https://res.cloudinary.com/dxcwqo6bm/image/upload/v1759999413/E003_bopmp5.jpg",,,,"*tutaj musisz wpisać date*","Nie wiadomo(tymczasowo)",,"https://drive.google.com/drive/folders/1ZU2dI1ih4XGBmXre4Ddw_JWxvALm6usP?usp=drive_link","Ekspresy",,,
"E004","Ekspres Philips",,"ocena 5/5 nowy Ekspres Philips czarny z młynkiem i spieniaczem mleka","https://res.cloudinary.com/dxcwqo6bm/image/upload/v1752651885/E004_o8ixlz.jpg",,,,"*tutaj musisz wpisać date*","Nie wiadomo(tymczasowo)",,"https://drive.google.com/drive/folders/1mXjacHmV_T1UHo0kxCSrL5DE_F3UYvAb?usp=drive_link","Ekspresy",,,
"E005","Ekspres de'longhi",,"ocena 5/5 Ekspres de'longhi magnifica start czarny z młynkiem i pieniaczem mleka","https://res.cloudinary.com/dxcwqo6bm/image/upload/v1759999409/E005_pwnc8y.jpg",,,,"*tutaj musisz wpisać date*","Nie wiadomo(tymczasowo)",,"https://drive.google.com/drive/folders/1Uit9SmNKWP13slbcMixPaqrO54Z3soXa?usp=drive_link","Ekspresy",,,
"E006","LavAzza A Modo Mio model LM 950","0","ocena 4/5 nowy Ekspres na indywidualne kapsułki LavAzza A Modo Mio model LM 950 kremowy brak szklanego kubka do spieniania mleka element plastikowy jest","https://res.cloudinary.com/dxcwqo6bm/image/upload/v1752655967/E006_d1snvz.jpg","0","0","0",,"0","2026-01-26T19:50:16.922Z","https://drive.google.com/drive/folders/11gOXXtdHa6OlMcU8m712R6nJqrqvW05r?usp=drive_link","Ekspresy","admin","DEV-L4Z992",""
"E007","Ekspres de'longhi",,"ocena 5/5 ekspres czarny De'Longhi Nespresso na małe kapsułki","https://res.cloudinary.com/dxcwqo6bm/image/upload/v1752667421/E007_jv2ps5.jpg",,,,"*tutaj musisz wpisać date*","Nie wiadomo(tymczasowo)",,"https://drive.google.com/drive/folders/1539OjOZX3t-gT8R6FQopi9YGoyXDj9UX?usp=drive_link","Ekspresy",,,
"E008","Ekspres de'longhi",,"ocena 5/5 ekspres czarny De'Longhi Nespresso na małe kapsułki","https://res.cloudinary.com/dxcwqo6bm/image/upload/v1759999410/e008_wztul3.jpg",,,,"*tutaj musisz wpisać date*","Nie wiadomo(tymczasowo)",,"https://drive.google.com/drive/folders/1oExTfP7RaV3T4xdgDZncwy8NVQ0gLoMw?usp=drive_link","Ekspresy",,,
"E009","Ekspres de'longhi",,"ocena 5/5 ekspres czarny De'Longhi Nespresso na małe kapsułki","https://res.cloudinary.com/dxcwqo6bm/image/upload/v1759999410/E009_nl8orr.jpg",,,,"Amimon INC (Rocoto) 17-20.11","Wyjechało",,"https://drive.google.com/drive/folders/1JUpZ0Y1qjzzoI2490rwOcN_nG4onzr62?usp=drive_link","Ekspresy",,,
"E010","Nespresso",,"ocena 5/5 ekspres czerwony Nespresso na małe kapsułki","https://res.cloudinary.com/dxcwqo6bm/image/upload/v1760528595/E010_qzacky.jpg",,,,"*tutaj musisz wpisać date*","Nie wiadomo(tymczasowo)",,"https://drive.google.com/drive/folders/1uQJuQLrdwUdB-YXsLiZo9SiBRkQ7YX00?usp=drive_link","Ekspresy",,,
"E011","Ekspres de'longhi",,"ocena 5/5 ekspres czarny De'Longhi Nespresso na małe kapsułki      SKU:55N0000078-S660504","https://res.cloudinary.com/dxcwqo6bm/image/upload/v1759999409/E011_qxuhw5.jpg",,,,"*tutaj musisz wpisać date*","Nie wiadomo(tymczasowo)",,"https://drive.google.com/drive/folders/15Bkn156JiC-LLJ5sNeW_lx870Zo86qap?usp=drive_link","Ekspresy",,,
"E012","Ekspres DELONGHI Magnifica Start (na ziarna)","1","","https://res.cloudinary.com/dxcwqo6bm/image/upload/v1770878925/Ekspres_012_qtbk7l.jpg","0","0","0",,"0","2026-02-12T06:50:02.777Z","","Ekspresy","admin","DEV-OYS9NP",""
"E013","1","1","Nie wiadomo","","0","0","0",,"0","2026-02-12T06:56:45.628Z","","Ekspresy","admin","DEV-COVZNS",""
"E014","nwm","1","Nie wiadomo","","0","0","0",,"0","2026-02-12T06:57:14.149Z","","Ekspresy","admin","DEV-E3DWUH",""
"E015","Ekspres DELONGHI Nespresso Inissia EN80-B Czarny","1","12.02.26 Sprawdzony","https://prod-api.mediaexpert.pl/api/images/gallery_500_500/thumbnails/images/74/745778/Ekspres-DELONGHI-Nespresso-Inissia-EN80B-Czarny-skos.jpg","0","0","0",,"0","2026-02-12T06:45:54.270Z","","Ekspresy","admin","DEV-U9288M",""
"E016","Ekspres na kapsułki DeLonghi DolceGusto Piccolo","1","12.02.26 Do Sprawdzenia","https://f00.esfr.pl/foto/5/173388162225/e3c810682cea6974bd82faaee2e37668/delonghi-dolcegusto-piccolo-xs-edg210a-,173388162225_5.webp","0","0","0",,"0","2026-02-12T06:46:57.840Z","","Ekspresy","admin","DEV-RY2VM3",""
"E017","na ziarna","1","na ziarna 18.02","","0","0","0",,"0","2026-02-18T15:02:03.724Z","","Ekspresy","hilvait","DEV-6ZX6D6",""
"E019","De'Longhi Magnifica S (na ziarna)","1","","https://dam.delonghi.com/902x902/assets/252896","0","0","0",,"0","2026-02-12T06:56:30.973Z","","Ekspresy","admin","DEV-277CLB",""
"E020","Saeco",,"ocena 4,5/5 ekspres czarny Saeco z młynkiem","https://res.cloudinary.com/dxcwqo6bm/image/upload/v1759999410/E020_uwsead.jpg",,,,"*tutaj musisz wpisać date*","Nie wiadomo(tymczasowo)",,"https://drive.google.com/drive/folders/1rHniG79lVNDM1mECTSIvVR-h0c8ZerYc?usp=drive_link","Ekspresy",,,
"K001","0","35","Spider","https://res.cloudinary.com/dxcwqo6bm/image/upload/v1753082809/K001_b7wqk3.jpg","11","0","0",,"0","2026-02-03T21:14:28.108Z","https://drive.google.com/drive/folders/1-X0Kc4VF9CfYq7oRonD_II3ss2nHqSeX?usp=drive_link","Krzesla","hilvait","DEV-HD1QME",""
"K002","11","18","Hoker IFFEL","https://res.cloudinary.com/dxcwqo6bm/image/upload/v1760511843/eiffel_ig1fya.jpg","11","0","0",,"0","2026-02-03T20:56:12.923Z","https://drive.google.com/drive/folders/1lm6CHpevgly2v0K4sUQBde_W5OGq5KTL?usp=drive_link","Krzesla","hilvait","DEV-AGNZ9G",""
"K003","0","38","Hoker Monti","https://res.cloudinary.com/dxcwqo6bm/image/upload/v1753082809/K003_les0km.jpg",,,,,,,"https://drive.google.com/drive/folders/14Gxgvc2qgxAQJd9yqqEE7P2_M5whoPNc?usp=drive_link","Krzesla",,,
"K004","0","12","Hoker Leya","https://res.cloudinary.com/dxcwqo6bm/image/upload/v1753082810/K004_ofp7py.png",,,,,,,"https://drive.google.com/drive/folders/1CSrOhCtw8I5H63eMP3R4Ph8qoQhkRJUx?usp=drive_link","Krzesla",,,
"K010","0","14","IKEA szkladane","https://res.cloudinary.com/dxcwqo6bm/image/upload/v1753082811/K010_olhyny.jpg",,,,,,,"https://drive.google.com/drive/folders/1lz-JewpXFMCVuiMX32u6kHGH2Q9ZZfQq?usp=drive_link","Krzesla",,,
"K011","0","13","Fotel MAXI","https://res.cloudinary.com/dxcwqo6bm/image/upload/v1760516485/K011_qc5mm6.png",,,,,,,"https://drive.google.com/drive/folders/11uC09tJlmGLK_fkJMpkPmHbE0tK-OdOb?usp=drive_link","Krzesla",,,
"K012","0","4","Hoker Design","https://res.cloudinary.com/dxcwqo6bm/image/upload/v1760516567/K012_pn8pi2.png",,,,,,,,"Krzesla",,,
"K013","0","16","Hoker HIACYNT","https://res.cloudinary.com/dxcwqo6bm/image/upload/v1760516664/K013_fm92qo.png",,,,,,,,"Krzesla",,,
"K014","0","22","Monti","https://res.cloudinary.com/dxcwqo6bm/image/upload/v1760516758/K014_wlneos.png",,,,,,,,"Krzesla",,,
"K015","0","3","EIFFEL","https://res.cloudinary.com/dxcwqo6bm/image/upload/v1760517008/K015_ckkomn.png",,,,,,,,"Krzesla",,,
"K016","0","12","Podobne Zielone","https://res.cloudinary.com/dxcwqo6bm/image/upload/v1760517008/K016_x1dbse.png",,,,,,,,"Krzesla",,,
"K017","0","6","MIA","https://res.cloudinary.com/dxcwqo6bm/image/upload/v1760517011/K017_yujghm.png",,,,,,,,"Krzesla",,,
"K019","0","9","Krokus","https://res.cloudinary.com/dxcwqo6bm/image/upload/v1760517012/K019_r2brtu.png",,,,,,,,"Krzesla",,,
"K020","0","15","BILBAO","https://res.cloudinary.com/dxcwqo6bm/image/upload/v1760516996/bilbao_dje3is.jpg",,,,,,,,"Krzesla",,,
"K021","0","15","LOFT","https://res.cloudinary.com/dxcwqo6bm/image/upload/v1760517015/LOFTbig_acj8mx.jpg",,,,,,,,"Krzesla",,,
"L001","Szklana","1","ocena 4,5/5 czarna płaskie półki wymiary:  wysokość 83,2 cm szerokość 43,2 cm  głębokość 48 cm","https://res.cloudinary.com/dxcwqo6bm/image/upload/v1760089972/L001_ld0nd0.jpg","83,2","43,2","48","2026-01-14","Wyjechało",,"https://drive.google.com/drive/folders/1_-d184uAreT8Y06nxk3ouP6jaYMEkFYm?usp=drive_link","Lodowki",,,
"L002","Zamrażarka","1","ocena 5/5 nowa z Londynu biała chłodziarko-zamrażarka podblatowa  Wymiary: wysokość 84 szerokość cm 47,5 głębokość cm 45,5","https://res.cloudinary.com/dxcwqo6bm/image/upload/v1760089971/L002_cp59zt.jpg","84","47.5","45.5","2026-01-14","0","2026-02-12T07:15:46.254Z","https://drive.google.com/drive/folders/1a4ekhrdCueDEGKyXISAe9J62QZgudQuY?usp=drive_link","Lodowki","admin","DEV-O3NZTM",""
"L003","Mala","1","3/5 biała lodówka podblatowa  Wymiary: wysokość 83 szerokość cm 45,5 głębokość cm 45,5","https://res.cloudinary.com/dxcwqo6bm/image/upload/v1752486224/L006_vu7tlg.jpg","83","45,5","45,5","2026-01-14","Na stanie",,"https://drive.google.com/drive/folders/1AV3RIdLiYumP6TJG3yLCiPGbfB4qLQeo?usp=drive_link","Lodowki",,,
"L004","Zamrażarka","1","ocena 3,5/5 srebrna Candy srebrna lodówko-zamrazarka podblatowa w środku ok z zewnątrz trochę poobijana Wymiary: wysokość 84,5 cm  szerokość 47,5 cm głębokość 44 cm","https://res.cloudinary.com/dxcwqo6bm/image/upload/v1760089972/L004_wge37a.jpg","84,5","47,5","44","2026-01-14","Wyjechało",,"https://drive.google.com/drive/folders/1FMggCrGa1pzAftGEWiCrwlpKeoHh7Hxd?usp=drive_link","Lodowki",,,
"L005","Zamrażarka","1","4,5/5  zamrażarka beko biała aktualnie oklejona czarną folią podblatowa w środku ok z zewnątrz ok Wymiary:  wysokość 84,5 cm  szerokość 55 cm głębokość 58,5 cm lekko uszkodzona na wierzchu","https://res.cloudinary.com/dxcwqo6bm/image/upload/v1760089972/L005_kkynpm.jpg","84,5","55","58,5","2026-01-14","Nie wiadomo(tymczasowo)",,"https://drive.google.com/drive/folders/1hheEmtOdVoYq7kivIXs368qukwfb3nf2?usp=drive_link","Lodowki",,,
"L006","Szklana","1","L006 ocena 5/5  lodówka szklana czarna płaskie półki podblatowa Wymiary: wysokość 83,5 cm szerokość 43,5 cm głębokość 48 cm","https://res.cloudinary.com/dxcwqo6bm/image/upload/v1760089973/L006_s1p8aw.jpg","83,5","43,5","48","2026-01-14","Nie wiadomo(tymczasowo)",,"https://drive.google.com/drive/folders/1kgxFWEk9qK2A3lBSD_lqwncMGhHLNWFU?usp=drive_link","Lodowki",,,
"L007","Szklana","1","ocena 4,5/5  lodówka szklana czarna płaskie półki podblatowa Lekko z boku porysowana Wymiary: wysokość 83,5 cm szerokość 43,5 cm głębokość 48 cm","https://res.cloudinary.com/dxcwqo6bm/image/upload/v1760091160/l007_1_izwxxn.jpg","83,5","43,5","48","2026-01-14","Nie wiadomo(tymczasowo)",,"https://drive.google.com/drive/folders/1STHLCUHPtB3q9kbpnTbCeMtjIn-FhJUA?usp=drive_link","Lodowki",,,
"L008","Szklana","1","ocena 4/5 lodówka srebrna szklana exquisit
 Wymiary: 
 wysokość 91 cm 
 szerokość 60,5 cm głębokość 53 cm","https://res.cloudinary.com/dxcwqo6bm/image/upload/v1760089976/L008_hwsgwu.jpg","91","60.5","53","2026-01-14","0","2026-02-12T07:13:49.617Z","https://drive.google.com/drive/folders/1xaRwRW5mQmuRBXw1KcsseOWXZIhvYN3c?usp=drive_link","Lodowki","admin","DEV-8IWBN7",""
"L009","Mala","1","nie sprawne drzwi do naprawy",,,,,"2026-01-14","Na stanie",,,"Lodowki",,,
"L010","Zamrażarka","1","ocena 3/5 biała malowana lodówko-zamrazarka podblatowa w środku ok z zewnątrz złamany blat w 2 miejscach 
 Wymiary: 
 wysokość 85 cm 
 szerokość 48 cm głębokość 50,5 cm","https://res.cloudinary.com/dxcwqo6bm/image/upload/v1760089976/L010_badjwj.jpg","85","48","50,5","2026-01-14","Wyjechało",,"https://drive.google.com/drive/folders/15bhV6TrtBG9kAEWzdmcW_8HZrg45n8oz?usp=drive_link","Lodowki",,,
"L012","Szklana","1","ocena 5/5 czarno srebrna lodówka na wina podblatowa Wymiary:  wysokość 75 cm  szerokość 43 cm głębokość 45,5 cm","https://res.cloudinary.com/dxcwqo6bm/image/upload/v1752651886/L012_h8lrah.jpg","75","43","45,5","2026-01-14","Na stanie",,"https://drive.google.com/drive/folders/12ZYeDdqUOs53c5nNvwB-ZXMeO0Hw2EUc?usp=drive_link","Lodowki",,,
"L013","Zamrażarka","1","4,5/5  zamrażarka Severin biała malutka w środku ok z zewnątrz ok
 Wymiary: 
 wysokość 51 cm 
 szerokość 44 cm głębokość 47 cm","https://res.cloudinary.com/dxcwqo6bm/image/upload/v1760089980/L013_eh9ujs.jpg","51","44","47","2026-01-14","Nie wiadomo(tymczasowo)",,"https://drive.google.com/drive/folders/1hzS-uh5zuY2K-a6Mmx7j2MlQ45qpZ9v7?usp=drive_link","Lodowki",,,
"L013(2)","Szklana","0","ocena 4,5/5  lodówka szklana czarna po piwie BECK'S płaskie półki podblatowa 
 Wymiary: 
 wysokość 84,5 cm 
 szerokość 54,5 cm głębokość 55 cm","https://res.cloudinary.com/dxcwqo6bm/image/upload/v1760089977/L013_2_st2kuu.jpg","84,5","54,5","55","2026-01-14","0","2026-01-28T21:01:24.645Z","https://drive.google.com/drive/folders/1fxEUZ59XTVxYke7W2e18K4ivi7_Ozd98?usp=drive_link","Lodowki","admin","DEV-U2IIUW",""
"L014","Szklana","1","ocena 4,5/5  lodówka szklana czarna CANDY płaskie półki może być na wina podblatowa 
 Lekko z góry porysowana
 Wymiary: 
 wysokość 84 cm 
 szerokość 49,5 cm głębokość 55 cm","https://res.cloudinary.com/dxcwqo6bm/image/upload/v1760089981/L014_fjy40d.jpg","84","49,5","55","2026-01-14","Nie wiadomo(tymczasowo)",,"https://drive.google.com/drive/folders/1BqmsJFEYXEpu4DIOEfhZdr8BmZC92y6q?usp=drive_link","Lodowki",,,
"L015","Szklana","1",,"https://res.cloudinary.com/dxcwqo6bm/image/upload/v1761811690/L017_mxvrii.jpg","84","43","48","2026-01-14","Nie wiadomo(tymczasowo)",,,"Lodowki",,,
"L016","Szklana","1",,"https://res.cloudinary.com/dxcwqo6bm/image/upload/v1761811690/L017_mxvrii.jpg","84","43","48","2026-01-14","Nie wiadomo(tymczasowo)",,,"Lodowki",,,
"L017","Szklana","1",,"https://res.cloudinary.com/dxcwqo6bm/image/upload/v1761811690/L017_mxvrii.jpg","84","43","48","11/26/25, 2:01 AM","Nie wiadomo(tymczasowo)",,,"Lodowki",,,
"L018","Mala","1",,"https://res.cloudinary.com/dxcwqo6bm/image/upload/v1761811690/L018_guvqzi.jpg","83.2","55","57","12/1/25, 0:57","Wyjechało",,,"Lodowki",,,
"L019",,"1","Sprawdzona ale niema zdjęcia",,,,,"12/1/25, 0:56","Wyjechało",,,"Lodowki",,,
"L020","Chłodziarka","1","","https://mpm.pl/2742-large_default/-chlodziarka-mpm-90-cj-27.webp","0","0","0",,"1","2026-02-12T07:13:22.752Z","https://drive.google.com/drive/folders/1MXeNKsMKNr_XWY5zMruRsicXdMUjSLl5?usp=drive_link","Lodowki","admin","DEV-7GZ8JA",""
"L040","Duża","1","ocena 4/5 srebrna Beko 2 drzwiowa podblatowa w środku ok z zewnątrz trochę podrapana
 Wymiary: 
 wysokość 180 cm 
 szerokość 54,5 cm głębokość 58,5 cm","https://res.cloudinary.com/dxcwqo6bm/image/upload/v1755852996/WhatsApp_Image_2025-08-22_at_08.46.10_hgg0vr.jpg","180","54,5","58,5","12/1/25, 1:05","Wyjechało",,"https://drive.google.com/drive/folders/13FVtoq8anRQXW_ojqn-H7-Kyim3Sg9Wd?usp=drive_link","Lodowki",,,
"L041","Duża","1","biala sama lodówka 1 drzwiowa 
 w środku 4/5 inna szuflada
 z zewnątrz poobijana 3/5
 Wymiary: 
 wysokość 170 cm 
 szerokość 60,5 cm głębokość 62 cm","https://res.cloudinary.com/dxcwqo6bm/image/upload/v1755853006/WhatsApp_Image_2025-08-22_at_10.35.12_rr7qvz.jpg","170","60,5","62","11/26/25, 2:01 AM","Na stanie",,"https://drive.google.com/drive/folders/15Wo8s636l5ZTggnrSwZ2l1PD-5A2Mh7i?usp=drive_link","Lodowki",,,
"L042","Mala","1",,,,,,"12/1/25, 0:57","Wyjechało",,,"Lodowki",,,
"L043",,"1",,,,,,"11/26/25, 2:01 AM",,,,"Lodowki",,,
"L060","Szklana","1","ocena 4/5 biala szklana sama lodówka Electrolux 
 w środku 4/5 inna szuflada
 Wymiary: 
 wysokość 154,5 cm 
 szerokość 60 cm głębokość 61 cm + uchwyt 3,5
 
 46 głębokość
 52 szerokość
 138 wysokość
 W cm wymiary wewnętrzne","https://res.cloudinary.com/dxcwqo6bm/image/upload/v1760089984/L060_d16lpz.jpg","154,5","60","61","12/1/25, 0:57","Wyjechało",,"https://drive.google.com/drive/folders/1jntvhnHEksIo6nh3v5Mv_6r17-FR4xhh?usp=drive_link","Lodowki",,,
"L092","Szklana","1","ocena nowa  lodówka szklana czarna płaskie półki podblatowa 
 Wymiary: 
 wysokość 83,5 cm 
 szerokość 43,5 cm głębokość 48 cm","https://res.cloudinary.com/dxcwqo6bm/image/upload/v1760091160/l007_1_izwxxn.jpg","83,5","43,5","48","11/26/25, 2:01 AM","Nie wiadomo(tymczasowo)",,,"Lodowki",,,
"L093","Szklana","1","ocena nowa  lodówka szklana czarna płaskie półki podblatowa 
 Wymiary: 
 wysokość 83,5 cm 
 szerokość 43,5 cm głębokość 48 cm","https://res.cloudinary.com/dxcwqo6bm/image/upload/v1760091160/l007_1_izwxxn.jpg","83,5","43,5","48","11/26/25, 2:01 AM","Nie wiadomo(tymczasowo)",,,"Lodowki",,,
"L094","Duża","1","nowa","https://res.cloudinary.com/dxcwqo6bm/image/upload/v1759999412/L094_wf3k56.jpg","150","50","52","11/26/25, 2:01 AM","Na stanie",,"https://drive.google.com/drive/folders/1LHhxROJtx3EElumLaiaADJ-w98-4BKUy?usp=drive_link","Lodowki",,,
"L095","Duża","1","ocena 4.5 male ślady","https://res.cloudinary.com/dxcwqo6bm/image/upload/v1759999413/L095_a4efot.jpg","182","55","58","12/1/25, 1:05","Wyjechało",,"https://drive.google.com/drive/folders/1eAdPSm6pRx4VA0bsTWzZUR0zPoVWYiVq?usp=drive_link","Lodowki",,,
"L096","Duża","1","ocena 4.5 male ślady, kupione na Givaudana","https://res.cloudinary.com/dxcwqo6bm/image/upload/v1759999413/L096_hu4grm.jpg","185","58","71","2025-11-27","0","2026-02-12T07:07:09.557Z","https://drive.google.com/drive/folders/1I2gTAsHdWgru66BW7FL27TyQAFAxxNlF?usp=drive_link","Lodowki","admin","DEV-KUEOPG",""
"L097","Duża","1","ocena 4.5 male ślady","https://res.cloudinary.com/dxcwqo6bm/image/upload/v1759999411/L097_iycpox.jpg","171","54","55","2025-11-26","0","2026-02-12T07:06:18.607Z","https://drive.google.com/drive/folders/1gjBy2AvkjE4Q1fHOy27RTllfm_0m0rsU?usp=drive_link","Lodowki","admin","DEV-IEQ1UV",""
"L098","Duża","1","ocena 4.5 nowa lekko podrapana sprzodu ma folie ochonnom, kupione na Givaudana","https://res.cloudinary.com/dxcwqo6bm/image/upload/v1759999421/L098_m8js9o.jpg","183","58","70","2025-11-26","0","2026-02-12T07:07:32.524Z","https://drive.google.com/drive/folders/124Y9qJvl78f-HQWPIKojsPmuz8UdZvIc?usp=drive_link","Lodowki","admin","DEV-M5OXFU",""
"L099","Duża","1","ocena 4 nowa lekko podrapana i podbita","https://res.cloudinary.com/dxcwqo6bm/image/upload/v1759999428/L099_gletni.jpg","170","53","56","11/26/25, 2:01 AM","Wyjechało",,"https://drive.google.com/drive/folders/19n3sdfaVWCzj-wn5SkHVcWud895aHVT1?usp=drive_link","Lodowki",,,
"NM001","opalarka","1","2000W komplet NS:59G522
 GRAPHITE","https://res.cloudinary.com/dxcwqo6bm/image/upload/v1760523815/NM001_uzmjgb.jpg",,,,,"Wolna",,"https://drive.google.com/drive/folders/18q8z3s9lT3Gy7Joy7HKglgblQ6QYDpOn?usp=drive_link","NM",,,
"NM002","Wkrętarka akumulatorowa","1","EGBL188 H1              (akumulator:BL1518)","https://res.cloudinary.com/dxcwqo6bm/image/upload/v1760523819/NM002_qviaty.jpg",,,,,"Wolna",,"https://drive.google.com/drive/folders/19ndYsCNxgpK7JnmiztRzpJtAgfR0MDjt?usp=drive_link","NM",,,
"NM003","Wkrętarka akumulatorowa","1","Komplet 3 akumulatory","https://res.cloudinary.com/dxcwqo6bm/image/upload/v1760523818/NM003_kv8qwz.jpg",,,,,"Wolna",,"https://drive.google.com/drive/folders/1Q0oyZ1xwvZ2Hk0ORmSUolv3Pbf0qDr0x?usp=drive_link","NM",,,
"NM004","Gwoździarka","1","NS : 542800E","https://res.cloudinary.com/dxcwqo6bm/image/upload/v1760521609/NM004_hrf550.jpg",,,,,"Wolna",,"https://drive.google.com/drive/folders/1SPOvTExcVl5A8P_tYyTj35UxUPLbjuhh?usp=drive_link","NM",,,
"NM005","Gumówka","1","jego polerka","https://res.cloudinary.com/dxcwqo6bm/image/upload/v1760521281/NM005_dobihh.jpg",,,,,"Mròwka",,"https://drive.google.com/drive/folders/1tElmpnqnbsaUo97pJCd_p0n4P8LOwyc4?usp=drive_link","NM",,,
"NM006","Szlifierka","1","NS : 36M4R1U","https://res.cloudinary.com/dxcwqo6bm/image/upload/v1760523821/NM006_qidpm4.jpg",,,,,"Wolna",,"https://drive.google.com/drive/folders/1GqQ8j4Uvjo-N3X8jw4NLLfR1o-07C3-O?usp=drive_link","NM",,,
"NM007","Wkrętarka akumulatorowa","1","GISAM","https://res.cloudinary.com/dxcwqo6bm/image/upload/v1760523821/NM007_i9bf83.jpg",,,,,"Wolna",,"https://drive.google.com/drive/folders/1eEnlq9RkL9SUZCWnamqmToYtDicjtwXL?usp=drive_link","NM",,,
"NM008","Zestaw Kluczy","1",,"https://res.cloudinary.com/dxcwqo6bm/image/upload/v1760523824/NM008_cv3ki0.jpg",,,,,"Wolna",,"https://drive.google.com/drive/folders/1dbkvpsAUf3qgm0wOGB9BeFKyLLg8zJbX?usp=drive_link","NM",,,
"NM009","Wkrętarka","1","DTW301 25554G
 Makita","https://res.cloudinary.com/dxcwqo6bm/image/upload/v1760523826/NM009_czc5qr.jpg",,,,,"Wolna",,"https://drive.google.com/drive/folders/13fjIgayuZKQfivgSoZPsaSdLfFtDKEdp?usp=drive_link","NM",,,
"NM010","Wkrętarka","1","TD0101F 2019-4/00102058
 MAkita","https://res.cloudinary.com/dxcwqo6bm/image/upload/v1760523832/NM010_smhnvg.jpg",,,,,"Wolna",,"https://drive.google.com/drive/folders/1fMSO4XaNjx6nPDm56MfV01ja_tEirrQv?usp=drive_link","NM",,,
"NM011","Gumówka","1","GA5030R NS:99598R Makita GA5030R","https://res.cloudinary.com/dxcwqo6bm/image/upload/v1760521272/NM011_kpzal9.jpg",,,,,"Wolna",,"https://drive.google.com/drive/folders/1KvRzTZ8WBZos4KX46IGoCdpAHkudWo7Y?usp=drive_link","NM",,,
"NM012","Gwoździarka","1","2XR-J50   NS:D-63679","https://res.cloudinary.com/dxcwqo6bm/image/upload/v1760521609/NM012_h3j1fw.jpg",,,,,"Wolna",,"https://drive.google.com/drive/folders/1HdKqKgKoYUmh2VxFRzCAKvpxWBdgLWVx?usp=drive_link","NM",,,
"NM013","Szlifierka","1","NR : 24639  BUZ-s FESTO","https://res.cloudinary.com/dxcwqo6bm/image/upload/v1760523830/NM013_egpres.jpg",,,,,"Wolna",,"https://drive.google.com/drive/folders/1bgZLGZsIGQKBQjByUGp5E_OM2h1iI6gC?usp=drive_link","NM",,,
"NM014","PILA","1","No : 561579
 TS 55 RQ-Plus       FESTOOL","https://res.cloudinary.com/dxcwqo6bm/image/upload/v1760523831/NM014_v0kept.jpg",,,,,"Wolna",,"https://drive.google.com/drive/folders/1-zdvLJdRlvKDYAJL3WPY7mOKRtYdDPDq?usp=drive_link","NM",,,
"NM015","Szlifierka","1","Nr : 4935443290
 AEG EX 150 ES 440W","https://res.cloudinary.com/dxcwqo6bm/image/upload/v1760523836/NM015_jhaqlv.jpg",,,,,"Wolna",,"https://drive.google.com/drive/folders/1UNMaK1VtZFXnnjIxxzKb2mNbdlLYEwDn?usp=drive_link","NM",,,
"NM016","Wkrętarka akumulatorowa","1","Zestaw 3 akumulatory","https://res.cloudinary.com/dxcwqo6bm/image/upload/v1760523837/NM016_t5bmy3.jpg",,,,,"Wolna",,"https://drive.google.com/drive/folders/1mpXmiAyEPBKGFj9wC_QHeBPFfkUNuQCI?usp=drive_link","NM",,,
"NM017","Wkrętarka","1","Nr : 2015 1308 1
 Makitta DF347D","https://res.cloudinary.com/dxcwqo6bm/image/upload/v1760523838/NM017_hen4mp.jpg",,,,,"Wolna",,"https://drive.google.com/drive/folders/19-jD2djFk0hNbU8D3vhmLZeVJ_IWXR6n?usp=drive_link","NM",,,
"NM018","Wkrętarka","1","Nr :  2017.11 43039YMakitta TD126D","https://res.cloudinary.com/dxcwqo6bm/image/upload/v1760523841/NM018_xueclp.jpg",,,,,"Wolna",,"https://drive.google.com/drive/folders/14jK23Oxzkj9LjH-Cx9ljs2y-VBO7NWwU?usp=drive_link","NM",,,
"NM019","Wkrętarka","1","Nr. 2017. 13827 Y
 Makitta DHP453","https://res.cloudinary.com/dxcwqo6bm/image/upload/v1760523844/NM019_md5pys.jpg",,,,,"Wolna",,"https://drive.google.com/drive/folders/1e6JIsZTvmC0JcfnFrkUk6dQdmke7_SlK?usp=drive_link","NM",,,
"NM020","Wkrętarka akumulatorowa","1","Cordless Drill 060-201","https://res.cloudinary.com/dxcwqo6bm/image/upload/v1760523846/NM020_byh9py.jpg",,,,,"Wolna",,"https://drive.google.com/drive/folders/1moJAsFT8iHOep2-yM6xykcsVeVn5vlhg?usp=drive_link","NM",,,
"NM021","Wkrętarka","1","627TD Makitta","https://res.cloudinary.com/dxcwqo6bm/image/upload/v1760523849/NM021_zegl8m.jpg",,,,,"Wolna",,"https://drive.google.com/drive/folders/1yGrDAcVmwH6kTH80eKi1WhMGIimSyc6O?usp=drive_link","NM",,,
"NM022","Ladowarka","1","Makitta 0220       DC18WAU   N : 630676G5","https://res.cloudinary.com/dxcwqo6bm/image/upload/v1760523850/NM022_pdqwd5.jpg",,,,,"Wolna",,"https://drive.google.com/drive/folders/1VXwon4VL7S35LQMdZxf85JaPvkMwXRHi?usp=drive_link","NM",,,
"NM023","Ladowarka","1","MAkitta 1206610    CH.P/N : 630388E0","https://res.cloudinary.com/dxcwqo6bm/image/upload/v1760523852/NM023_iumj8c.jpg",,,,,"Wolna",,"https://drive.google.com/drive/folders/199SaVuE8U726DSIq-fo8M4XdYme7Byx7?usp=drive_link","NM",,,
"NM024","Ladowarka","1","Makitta 3817         DC18WAU   N : 630676G5","https://res.cloudinary.com/dxcwqo6bm/image/upload/v1760523854/NM024_s4xxsi.jpg",,,,,"Wolna",,"https://drive.google.com/drive/folders/1hOilinhRT5-ad704GxMj8cSMejyYVaI9?usp=drive_link","NM",,,
"NM025","Wkrętarka","1","2017/03/EB055286
  UDAR SDS MLOT UDAR EINH","https://res.cloudinary.com/dxcwqo6bm/image/upload/v1760523856/NM025_mfm5gb.jpg",,,,,"Wolna",,"https://drive.google.com/drive/folders/1zjfihyJyeAS3KeR3ZTSXnxu44XqNryM-?usp=drive_link","NM",,,
"NM026","Gumówka","1","EAG1010-125 sn:0100319W34","https://res.cloudinary.com/dxcwqo6bm/image/upload/v1760521272/IMG_0953_da2c0k.jpg",,,,,"Wolna",,"https://drive.google.com/drive/folders/1-kTNYEb7foZxNt2f8jAkkiBUhO1HKhoH?usp=drive_link","NM",,,
"NM027","Wkrętarka","1","Impact Drill Batch nr: 2152529 2016","https://res.cloudinary.com/dxcwqo6bm/image/upload/v1760523858/NM027_qk4prb.jpg",,,,,"Wolna",,"https://drive.google.com/drive/folders/1q6Jr4iwEDyIBb9xEPATgdeBs2CGCgf0Y?usp=drive_link","NM",,,
"NM028","Szlifierka","1","WR-BS-1900
 WUBER","https://res.cloudinary.com/dxcwqo6bm/image/upload/v1760523859/NM028_zrxkfo.jpg",,,,,"Wolna",,"https://drive.google.com/drive/folders/1wa_GjZQ0UsbPG2kyFcEwtAeN8lUBfl9H?usp=drive_link","NM",,,
"NM029","Wkrętarka","1","58G736 202111G00513
 graphite","https://res.cloudinary.com/dxcwqo6bm/image/upload/v1760523862/NM029_woxxeo.jpg",,,,,"Wolna",,"https://drive.google.com/drive/folders/1fGwl1xJ78vxdPqOW_ueClUTm6kKDnTAg?usp=drive_link","NM",,,
"NM030","Gwoździarka","1","ns:2137474/160520          KITA CZERWONA","https://res.cloudinary.com/dxcwqo6bm/image/upload/v1760521609/NM030_llf8pa.jpg",,,,,"Wolna",,"https://drive.google.com/drive/folders/1aTcmTDOsIzurg5GzOnyk2Em0_U5CI6ly?usp=drive_link","NM",,,
"NM032","Gwoździarka","1","Pomarańczowa       NP:12301068","https://res.cloudinary.com/dxcwqo6bm/image/upload/v1760521610/NM032_patokv.jpg",,,,,"Wolna",,"https://drive.google.com/drive/folders/16TcA6OD4-DQv8sdTEEsmsixZbtYS4NKD?usp=drive_link","NM",,,
"NM033","Zestaw Kluczy","1",,"https://res.cloudinary.com/dxcwqo6bm/image/upload/v1760523864/NM033_vlxfwh.jpg",,,,,"Wolna",,"https://drive.google.com/drive/folders/1R4e6MB59E_8kqCG8lUdllamFBnh6f2n-?usp=drive_link","NM",,,
"NM034","Gwoździarka","1","NS: 2169892/170831   OLEH CZERWONA","https://res.cloudinary.com/dxcwqo6bm/image/upload/v1760521612/NM034_kels8c.jpg",,,,,"Wolna",,"https://drive.google.com/drive/folders/1J5SIuCyTBh6DdHdPgwNueVFRxj47ogCS?usp=drive_link","NM",,,
"NM035","Szlifierka","1","NS:2169892\170813","https://res.cloudinary.com/dxcwqo6bm/image/upload/v1760523866/NM035_mjp6te.jpg",,,,,"Wolna",,"https://drive.google.com/drive/folders/1aoi1EsUebsvVjeSTtHy2lZt7tFtWOLCx?usp=drive_link","NM",,,
"NM036","Gumówka","1","G12SR4(S)    NS:P660374","https://res.cloudinary.com/dxcwqo6bm/image/upload/v1760521271/IMG_0973_vhviy2.jpg",,,,,"Wolna",,"https://drive.google.com/drive/folders/11rE91yBgjalQekCQh4iukFdOLn-txBDH?usp=drive_link","NM",,,
"NM037","Gumówka","1","2020/08/EB071417","https://res.cloudinary.com/dxcwqo6bm/image/upload/v1760521270/IMG_0975_gralq4.jpg",,,,,"Wolna",,"https://drive.google.com/drive/folders/1ppB0Am--EGFHVzuAACX3VKa6AJGlpMAJ?usp=drive_link","NM",,,
"NM038","Ladowarka","1","2117","https://res.cloudinary.com/dxcwqo6bm/image/upload/v1760523925/NM038_lfndud.jpg",,,,,"Wolna",,"https://drive.google.com/drive/folders/1PkyhKHZ1e2F4YdgN8hjTV15ZRX2Oh27p?usp=drive_link","NM",,,
"NM039","Ladowarka","1","TAM-97AA     02597","https://res.cloudinary.com/dxcwqo6bm/image/upload/v1760524064/NM039_dfw0wa.jpg",,,,,"Wolna",,"https://drive.google.com/drive/folders/1SOMdGyHm4R6ZwNm-9muW2jfUmrgWPfsR?usp=drive_link","NM",,,
"NM040","Ladowarka","1","4219","https://res.cloudinary.com/dxcwqo6bm/image/upload/v1760524065/NM040_qj4gyi.jpg",,,,,"Wolna",,"https://drive.google.com/drive/folders/13JgrX_dCWdJXHEqSvJ2yG1XllW5B8dTl?usp=drive_link","NM",,,
"NM041","Wkrętarka akumulatorowa","1","MDD144-2","https://res.cloudinary.com/dxcwqo6bm/image/upload/v1760524067/NM041_z5wjfu.jpg",,,,,"Wolna",,"https://drive.google.com/drive/folders/1n350o6qdlQ9cFMSCLFzRd7kPKMDA0A0d?usp=drive_link","NM",,,
"NM042","Ladowarka","1","NR:490025","https://res.cloudinary.com/dxcwqo6bm/image/upload/v1760524070/NM042_mvgobd.jpg",,,,,"Wolna",,"https://drive.google.com/drive/folders/1XxP_t9chT6ehVocQ3-7tAkessngGje68?usp=drive_link","NM",,,
"NM043","Szlifierka","1","NR:490025","https://res.cloudinary.com/dxcwqo6bm/image/upload/v1760524072/NM043_jthuhn.jpg",,,,,"Wolna",,"https://drive.google.com/drive/folders/1eOu_haHjwL1a-A-ma9zfYul892mJQSLX?usp=drive_link","NM",,,
"NM044","Frezarka","1","NS:2018\72108K","https://res.cloudinary.com/dxcwqo6bm/image/upload/v1760524074/NM044_amzmad.jpg",,,,,"Wolna",,"https://drive.google.com/drive/folders/1EJ6XFKmC-KK5G6IaXelqBqf6pto3ekmh?usp=drive_link","NM",,,
"NM045","Gwoździarka","1","Item-no: 071-018   batch nr:2279321\2022        NS:2279321\220829     (opakowanie ""CYTRYNA"")
  (stan niewiadomy)","https://res.cloudinary.com/dxcwqo6bm/image/upload/v1760521272/IMG_0953_da2c0k.jpg",,,,,"Wolna",,"https://drive.google.com/drive/folders/1NY_HIjV_OsB1tv4HSoy0bMHkPIq1Ypzf?usp=drive_link","NM",,,
"NM048","Lutownica","1","model:SM-04-06LT200   SN:25042024 SMART","https://res.cloudinary.com/dxcwqo6bm/image/upload/v1760525556/NM048_dzglrd_hl1hvu.jpg",,,,,"Zajęta przez Beate na wyjazd w wrześniu 2026",,"https://drive.google.com/drive/folders/1B9iRKsnIrcVd8nX-vfADon6nS_LHrt_g?usp=drive_link","NM",,,
"NM049","Gwoździarka","1","SN:15858250920500051 YATO YT-09205","https://res.cloudinary.com/dxcwqo6bm/image/upload/v1760525399/NM049-50_htuwe7.jpg",,,,,"Wolna",,"https://drive.google.com/drive/folders/1vTVO3to9Osf_yqLYv2gNKriroeyCFVqw?usp=drive_link","NM",,,
"NM050","Gwoździarka","1","SN:15858250920500068 YATO YT-09205","https://res.cloudinary.com/dxcwqo6bm/image/upload/v1760525399/NM049-50_htuwe7.jpg",,,,,"Wolna",,,"NM",,,
"NM051","Gwoździarka","1","NS:2290516 2023  Stan nowy","https://res.cloudinary.com/dxcwqo6bm/image/upload/v1760525400/NM051_syf2oz.jpg",,,,,"Wolna",,"https://drive.google.com/drive/folders/1KsfoqHs_5F_iBlAiaIVnK5h6X8L4omlO?usp=drive_link","NM",,,
"TV40030","TCL 40' czarny Anglików","1","TCL 40' czarny Anglików ocena 4/5 Smart Netflix 
 Wymiary:
 Szerokość 91 cm
 Wysokość 52,5 cm
 Głębokość 9 cm (wraz z wieszakiem 6+3 cm)","https://res.cloudinary.com/dxcwqo6bm/image/upload/v1759999421/TV40030_ncf9xs.jpg","52,5","91","9 cm (wraz z wieszakiem 6+3 cm)","*tutaj musisz wpisać date*","Nie wiadomo(tymczasowo)",,"https://drive.google.com/drive/folders/16r52fWTjp90ZQEZYzr88bltmapNBmRu8?usp=drive_link","Telewizory",,,
"TV43024","TV LG 43' czarny","1","TV LG 43' czarny ocena 3,5/5 stary bez Smart tylko USB 
 Wymiary:
 Szerokość 97,5 cm
 Wysokość 57,5 cm
 Głębokość 11 cm (wraz z wieszakiem 8,5+2,5 cm)","https://res.cloudinary.com/dxcwqo6bm/image/upload/v1759999421/TV43024_z379jw.jpg","57,5","97,5","11 cm (wraz z wieszakiem 8,5+2,5 cm)","*tutaj musisz wpisać date*","Nie wiadomo(tymczasowo)",,"https://drive.google.com/drive/folders/14Yt8c6eXHbn9_Gd8NYopuVmwgsSfE7nr?usp=drive_link","Telewizory",,,
"TV43026","LG Smart YouTube Netflix","1","Glębokość 12 cm (wraz z wieszakiem 8+4 cm) cm","https://res.cloudinary.com/dxcwqo6bm/image/upload/v1770879526/TV43026_cjsh50.jpg","57.5","97.5","12",,"0","2026-02-12T07:04:29.852Z","https://drive.google.com/drive/folders/1WjRnqLc9Op3MTL99T0kKIiED0UkvZv3S?usp=drive_link","Telewizory","admin","DEV-39VBE8",""
"TV43027","TV LG 43' czarny","1","TV LG 43' czarny ocena 4/5  Smart Netflix i YouTube 
 Wymiary:
 Szerokość 97,5 cm
 Wysokość 57,5 cm
 Głębokość 12 cm (wraz z wieszakiem 8+4 cm)","https://res.cloudinary.com/dxcwqo6bm/image/upload/v1759999421/TV43027_tdxfbw.jpg","57.5","97.5","12",,"0","2026-02-12T07:04:43.322Z","https://drive.google.com/drive/folders/13DnQHjN5ATGPzfIbhXIlFPa9LtJkcM0P?usp=drive_link","Telewizory","admin","DEV-44KJGQ",""
"TV43028","TV LG 43'","1","TV LG 43' czarny ocena 3,5/5 stary bez Smart tylko USB 
 Wymiary:
 Szerokość 97,5 cm
 Wysokość 57,5 cm
 Głębokość 11 cm (wraz z wieszakiem 8,5+2,5 cm)","https://res.cloudinary.com/dxcwqo6bm/image/upload/v1759999422/TV43028_khp1tg.jpg","57.5","97.5","11",,"0","2026-01-28T21:04:37.198Z","https://drive.google.com/drive/folders/1Zi7xqaE97ymu3WLRK1QDjZI5EzHeBX9c?usp=drive_link","Telewizory","admin","DEV-157A6J","givaudan"
"TV43029","TV Sharp 43' czarny","1","TV Sharp 43' czarny ocena 5/5 Android TV Smart Netflix i inne
 Wymiary:
 Szerokość 96,5 cm
 Wysokość 56,5 cm
 Głębokość 14 cm (wraz z wieszakiem 10+4 cm)","https://res.cloudinary.com/dxcwqo6bm/image/upload/v1759999422/TV43029_kqnpay.jpg","56,5","96,5","14 cm (wraz z wieszakiem 10+4 cm)","*tutaj musisz wpisać date*","Nie wiadomo(tymczasowo)",,"https://drive.google.com/drive/folders/1eDnucUKw4eHUMj6-IHP6BLKbKwvQtsBh?usp=drive_link","Telewizory",,,
"TV43095-TV43092","TV LG 43","4","cena 5/5 nowy sierpień 2025 kupione 4 takich samych 
 Wymiary:
 Szerokość 97 cm
 Wysokość 57 cm
 Głębokość 13 cm (wraz z wieszakiem 7+6 cm)","https://res.cloudinary.com/dxcwqo6bm/image/upload/v1759999427/TV43095-TV43092_yho7od.jpg","57","97","13 cm (wraz z wieszakiem 7+6 cm","*tutaj musisz wpisać date*","Nie wiadomo(tymczasowo)",,"https://drive.google.com/drive/folders/1ksoeRDqT3AtBj5kW4KAkebtXQGD78i3b?usp=drive_link","Telewizory",,,
"TV49004","TV LG 49'","1","TV LG 49' srebrna ramka ocena 4/5 Smart Netflix 
 Wymiary:
 Szerokość 110,5 cm
 Wysokość 55 cm
 Głębokość 11 cm (wraz z wieszakiem 8+3 cm)","https://res.cloudinary.com/dxcwqo6bm/image/upload/v1759999428/TV49004_zoenqo.jpg","55","110,5","11 cm (wraz z wieszakiem 8+3 cm)","*tutaj musisz wpisać date*","Nie wiadomo(tymczasowo)",,"https://drive.google.com/drive/folders/1sOQYMckS-_I_9obJ13MsdgY1nZwwfkuI?usp=drive_link","Telewizory",,,
"TV55002","TV THOMSON 50' czarny","1","TV THOMSON 50' czarny ocena 4/5  Smart Netflix i YouTube 
 Wymiary:
 Szerokość 112,5 cm
 Wysokość 65,5 cm
 Głębokość 15 cm (wraz z wieszakiem 9+6 cm)","https://res.cloudinary.com/dxcwqo6bm/image/upload/v1759999428/TV50002_gx6caq.jpg","65,5","112,5","15 cm (wraz z wieszakiem 9+6 cm)","*tutaj musisz wpisać date*","Nie wiadomo(tymczasowo)",,"https://drive.google.com/drive/folders/1XVX8X3jr83KrXnYLQ2kCQK-dM-6BxTVY?usp=drive_link","Telewizory",,,
"TV55009","TV LG 55","1","TV LG 55' ocena 4/5 Smart Netflix YouTube 
 Wymiary:
 Szerokość 125 cm
 Wysokość 73 cm
 Głębokość 11 cm (wraz z wieszakiem 8+3 cm)","https://res.cloudinary.com/dxcwqo6bm/image/upload/v1759999429/TV55009_y5loiw.jpg","73","125","11 cm (wraz z wieszakiem 8+3 cm)","*tutaj musisz wpisać date*","Na stanie",,"https://drive.google.com/drive/folders/15TUzFUh4NDX-r008yQUUdojnQptVrrV2?usp=drive_link","Telewizory",,,
"TV55094","TV LG 55","1","TV 55094 Telewizor LG 55"" NanoCell ocena 5/5
 Szerokość 123,5 cm
 Wysokość 72 cm
 Głębokość 10 cm","https://res.cloudinary.com/dxcwqo6bm/image/upload/v1759999437/TV65095_cuax1m.jpg","72","123,5","10","*tutaj musisz wpisać date*","Nie wiadomo(tymczasowo)",,"https://drive.google.com/drive/folders/1s1mmv18_Fx3CTn0Hw24Pz2kotNY1l7-J?usp=drive_link","Telewizory",,,
"TV55096-550100","TV LG 55","5","TV LG 55' ocena 5/5 nowy czerwiec 2025 kupione 5 takich samych 
 Wymiary:
 Szerokość 123,5 cm
 Wysokość 71,5 cm
 Głębokość 12 cm (wraz z wieszakiem 6+6 cm)","https://res.cloudinary.com/dxcwqo6bm/image/upload/v1759999435/TV55099_zr1u9j.jpg","71,5","123,5","12 cm (wraz z wieszakiem 6+6 cm)","TV550965 Gog prostaf","Wyslane",,"https://drive.google.com/drive/folders/1JZPB7E_vatGlEibZiu4r_GGx4_rOk6nk?usp=drive_link","Telewizory",,,
"TV65013","Samsung 65'","1","Samsung 65' ocena 4/5 minimalne ryski na ekranie
 Wymiary:
 Szerokość 145,5 cm
 Wysokość 83,5 cm
 Głębokość 9,5 cm (wraz z wieszakiem 6+3,5 cm)","https://res.cloudinary.com/dxcwqo6bm/image/upload/v1759999436/TV65013_up094l.jpg","83,5","145","9,5 cm (wraz z wieszakiem 6+3,5 cm)","*tutaj musisz wpisać date*","Nie wiadomo(tymczasowo)",,"https://drive.google.com/drive/folders/1ofgGABPrtNuV-7IgqRM9lHV2yJeub9Fe?usp=drive_link","Telewizory",,,
"TV65095","LG 65","1","LG 65' ocena 5/5 nowy czerwiec 2025 kupiona 1 sztuka
 Wymiary:
 Szerokość 145,5 cm
 Wysokość 83,5 cm
 Głębokość 12,5 cm (wraz z wieszakiem 6,5+6 cm)","https://res.cloudinary.com/dxcwqo6bm/image/upload/v1759999437/TV65095_cuax1m.jpg","83,5","145,5","12,5 cm (wraz z wieszakiem 6,5+6 cm)","MDC 17-20.11","Wyslane",,"https://drive.google.com/drive/folders/1bmGwyiA_InJBQqfo5bIV-VlxHPOTRaEw?usp=drive_link","Telewizory",,,
"TV75061","TV 75 cali","1",,,,,,"California","Wyslane",,"https://drive.google.com/drive/folders/1dCeC9-03q68eu_uQg3N5zfwXv0xuB5wS?usp=drive_link","Telewizory",,,
"TV80060","TV Samsung 80","1",,,,,,"*tutaj musisz wpisać date*","Nie wiadomo(tymczasowo)",,"https://drive.google.com/drive/folders/1d2I4WGq4dChoOPyyEjHTC_HvA5Y8FvfY?usp=drive_link","Telewizory",,,